id,x,y,year,B6,C6,C9,D4,D5,D6,D7,D9,E4,E5,E6,E7,E8,F5,F6,F7,F8,F9,G3,G4,G6,G7,G9,H10,H11,H3,H3_err,H4,H5,H7,H8,H9,I10,I11,I3,I4,I5,I6,I7,I8,I9,J10,J10a,J4,J5,J7,J8,J9,K10,K3,K4,K5,K6,K7,K8,K9,L10,L6,L7,L8,L9,M9,nearest,dist_nearest
SPY182347,-1889498.6349269203,637402.7066693123,2018,NA,NA,1,NA,NA,NA,NA,1,NA,NA,NA,NA,1,NA,NA,NA,NA,NA,NA,NA,NA,NA,NA,NA,NA,NA,NA,NA,NA,NA,NA,NA,NA,NA,NA,NA,NA,NA,NA,NA,NA,NA,NA,NA,NA,NA,NA,NA,NA,NA,NA,NA,NA,NA,NA,NA,NA,NA,NA,NA,NA,NA,F9,817
SPY182342,-1872259.9853935558,638208.386757471,2018,NA,NA,NA,NA,NA,NA,NA,NA,NA,NA,NA,NA,NA,NA,NA,NA,NA,NA,NA,NA,NA,NA,NA,NA,NA,NA,NA,NA,NA,NA,NA,NA,NA,NA,NA,NA,NA,NA,NA,NA,NA,NA,NA,NA,NA,NA,NA,NA,NA,NA,NA,NA,NA,NA,NA,NA,NA,NA,2,NA,NA,NA,L6,804
SPY182343,-1878619.387881914,644666.7863930906,2018,NA,NA,NA,NA,NA,NA,NA,NA,NA,NA,NA,NA,NA,NA,NA,NA,NA,NA,NA,NA,NA,NA,NA,NA,NA,NA,NA,NA,1,NA,NA,NA,NA,NA,NA,NA,NA,NA,NA,NA,NA,NA,NA,NA,NA,NA,NA,NA,NA,NA,NA,NA,NA,NA,NA,NA,NA,NA,NA,NA,NA,NA,H5,119
SPY182346,-1894521.9646007675,639513.0296144779,2018,NA,NA,1,NA,NA,NA,NA,NA,NA,NA,NA,NA,NA,NA,NA,NA,NA,NA,NA,NA,NA,NA,NA,NA,NA,NA,NA,NA,NA,NA,NA,NA,NA,NA,NA,NA,NA,NA,NA,NA,NA,NA,NA,NA,NA,NA,NA,NA,NA,NA,NA,NA,NA,NA,NA,NA,NA,NA,NA,NA,NA,NA,D9,762
SPY182322,-1884823.795700936,631095.5622741481,2018,1,1,1,NA,NA,1,1,1,NA,NA,NA,1,1,NA,NA,1,1,1,NA,NA,1,1,1,1,NA,NA,NA,NA,NA,1,1,NA,NA,NA,NA,NA,NA,NA,NA,NA,NA,NA,NA,NA,NA,NA,NA,NA,NA,NA,NA,NA,NA,NA,NA,NA,NA,NA,NA,NA,NA,NA,H10,1404
SPY182315,-1872376.927307288,638287.277159479,2018,NA,NA,NA,1,1,NA,NA,NA,1,1,1,NA,NA,1,1,NA,NA,NA,1,1,NA,NA,NA,NA,NA,1,1,1,1,NA,NA,NA,NA,NA,1,1,1,NA,NA,NA,NA,NA,NA,1,1,NA,NA,NA,NA,1,1,1,NA,NA,NA,NA,NA,NA,NA,NA,NA,NA,L6,912
SPY182324,-1879502.3163255868,626973.0146494143,2018,1,1,1,NA,NA,1,1,1,NA,NA,NA,1,1,NA,NA,1,1,1,NA,NA,1,1,1,1,1,NA,NA,NA,NA,1,1,1,1,NA,NA,NA,NA,NA,1,1,1,1,1,NA,NA,NA,NA,1,1,NA,NA,NA,NA,NA,NA,1,NA,NA,NA,NA,NA,NA,K10,702
SPY182334,-1874123.0674552463,635202.0819938293,2018,NA,NA,NA,NA,NA,NA,NA,NA,NA,NA,NA,NA,NA,NA,NA,NA,NA,NA,NA,NA,NA,NA,NA,NA,NA,NA,NA,NA,NA,NA,NA,NA,NA,NA,NA,NA,NA,NA,NA,NA,NA,NA,NA,NA,NA,NA,NA,NA,NA,NA,NA,NA,NA,1,NA,NA,NA,NA,NA,NA,NA,NA,L7,1233
SPY182339,-1873013.200882418,634282.6189700423,2018,NA,NA,NA,NA,NA,NA,NA,NA,NA,NA,NA,NA,NA,NA,NA,NA,NA,NA,NA,NA,NA,NA,NA,NA,NA,NA,NA,NA,NA,NA,NA,NA,NA,NA,NA,NA,NA,NA,NA,NA,NA,NA,NA,NA,NA,NA,NA,NA,NA,NA,NA,NA,NA,NA,NA,NA,NA,NA,2,NA,NA,NA,L7,438
SPY182307,-1872815.2865253536,637017.2749622166,2018,NA,NA,NA,NA,NA,NA,NA,NA,NA,NA,NA,NA,NA,NA,NA,NA,NA,NA,NA,NA,NA,NA,NA,NA,NA,NA,NA,NA,NA,NA,NA,NA,NA,NA,NA,NA,NA,NA,NA,NA,NA,NA,NA,NA,NA,NA,NA,NA,NA,NA,NA,NA,NA,NA,NA,NA,NA,2,NA,NA,NA,NA,L6,843
SPY182308,-1872815.2865253536,637017.2749622166,2018,NA,NA,NA,NA,NA,NA,NA,NA,NA,NA,NA,NA,NA,NA,NA,NA,NA,NA,NA,NA,NA,NA,NA,NA,NA,NA,NA,NA,NA,NA,NA,NA,NA,NA,NA,NA,NA,NA,NA,NA,NA,NA,NA,NA,NA,NA,NA,NA,NA,NA,NA,NA,NA,NA,NA,NA,NA,2,NA,NA,NA,NA,L6,843
SPY182333,-1888455.8273873653,636668.2202987336,2018,NA,NA,NA,NA,NA,NA,NA,NA,NA,NA,NA,NA,NA,NA,NA,NA,NA,NA,NA,NA,NA,1,NA,NA,NA,NA,NA,NA,NA,1,1,NA,NA,NA,NA,NA,NA,NA,NA,NA,NA,NA,NA,NA,NA,NA,NA,NA,NA,NA,NA,NA,NA,NA,NA,NA,NA,NA,NA,NA,NA,NA,F9,945
SPY182311,-1872376.927307288,638287.277159479,2018,NA,NA,NA,1,1,NA,NA,NA,1,1,1,NA,NA,1,1,NA,NA,NA,1,1,NA,NA,NA,NA,NA,1,1,1,1,NA,NA,NA,NA,NA,1,1,1,NA,NA,NA,NA,NA,NA,1,1,NA,NA,NA,NA,1,1,1,NA,NA,NA,NA,NA,NA,NA,NA,NA,NA,L6,912
SPY182336,-1884565.0583239163,646091.2505724181,2018,NA,NA,NA,NA,NA,NA,NA,NA,NA,1,1,NA,NA,NA,1,NA,NA,NA,NA,NA,NA,NA,NA,NA,NA,NA,NA,NA,NA,NA,NA,NA,NA,NA,NA,NA,NA,NA,NA,NA,NA,NA,NA,NA,NA,NA,NA,NA,NA,NA,NA,NA,NA,NA,NA,NA,NA,NA,NA,NA,NA,NA,F5,695
SPY182344,-1875462.769158203,632329.151549705,2018,NA,NA,NA,NA,NA,NA,NA,NA,NA,NA,NA,NA,NA,NA,NA,NA,NA,NA,NA,NA,NA,NA,NA,NA,NA,NA,NA,NA,NA,NA,NA,NA,NA,NA,NA,NA,NA,NA,NA,NA,NA,NA,NA,NA,NA,NA,1,NA,NA,NA,NA,NA,NA,NA,1,NA,NA,NA,NA,NA,NA,NA,L8,886
SPY182338,-1873043.9461686034,636526.80378797,2018,NA,NA,NA,1,1,NA,NA,NA,1,1,1,NA,NA,1,1,NA,NA,NA,1,1,NA,NA,NA,NA,NA,1,1,1,1,NA,NA,NA,NA,NA,1,1,1,1,NA,NA,NA,NA,NA,1,1,1,NA,NA,NA,1,1,1,NA,NA,NA,NA,NA,1,NA,NA,NA,NA,K6,999
SPY182345,-1882948.9080541097,628839.470218002,2018,NA,NA,NA,NA,NA,NA,NA,NA,NA,NA,NA,NA,NA,NA,NA,NA,NA,NA,NA,NA,NA,NA,NA,NA,1,NA,NA,NA,NA,NA,NA,NA,1,NA,NA,NA,NA,NA,NA,NA,NA,NA,NA,NA,NA,NA,NA,NA,NA,NA,NA,NA,NA,NA,NA,NA,NA,NA,NA,NA,NA,NA,J10,1208
SPY182354,-1888116.1918986673,633286.5321436618,2018,1,1,1,NA,NA,1,1,1,NA,NA,NA,1,1,NA,NA,1,1,1,NA,NA,1,1,1,NA,NA,NA,NA,NA,NA,1,1,NA,NA,NA,NA,NA,NA,NA,NA,NA,NA,NA,NA,NA,NA,NA,NA,NA,NA,NA,NA,NA,NA,NA,NA,NA,NA,NA,NA,NA,NA,NA,G9,667
SPY182323,-1872409.4180837814,643322.7962126095,2018,NA,NA,NA,1,1,NA,NA,NA,1,1,1,NA,NA,1,1,NA,NA,NA,1,1,NA,NA,NA,NA,NA,NA,NA,1,1,NA,NA,NA,NA,NA,NA,1,1,NA,NA,NA,NA,NA,NA,1,1,NA,NA,NA,NA,NA,NA,NA,NA,NA,NA,NA,NA,NA,NA,NA,NA,NA,K4,1135
SPY182325,-1889211.150559235,638341.6898563786,2018,1,1,NA,NA,NA,1,1,NA,NA,NA,NA,1,NA,NA,NA,1,NA,NA,NA,NA,1,NA,NA,NA,NA,NA,NA,NA,NA,NA,NA,NA,NA,NA,NA,NA,NA,NA,NA,NA,NA,NA,NA,NA,NA,NA,NA,NA,NA,NA,NA,NA,NA,NA,NA,NA,NA,NA,NA,NA,NA,NA,F8,366
SPY182317,-1879502.3163255868,626973.0146494143,2018,1,1,1,NA,NA,1,1,1,NA,NA,NA,1,1,NA,NA,1,1,1,NA,NA,1,1,1,1,1,NA,NA,NA,NA,1,1,1,1,NA,NA,NA,NA,NA,1,1,1,1,1,NA,NA,NA,NA,1,1,NA,NA,NA,NA,NA,NA,1,NA,NA,NA,NA,NA,NA,K10,702
SPY182337,-1880747.5678669096,630249.225964425,2018,NA,NA,NA,NA,NA,NA,NA,NA,NA,NA,NA,NA,NA,NA,NA,NA,NA,NA,NA,NA,NA,NA,NA,NA,NA,NA,NA,NA,NA,NA,NA,NA,NA,NA,NA,NA,NA,NA,1,NA,NA,NA,NA,NA,NA,NA,NA,1,NA,NA,NA,NA,NA,NA,NA,NA,NA,NA,NA,NA,NA,NA,J9,1641
SPY182303,-1883476.2329967695,639723.3006314808,2018,NA,NA,NA,NA,NA,NA,NA,NA,NA,NA,NA,NA,NA,NA,NA,NA,NA,NA,NA,NA,NA,NA,NA,NA,NA,NA,NA,NA,NA,1,NA,NA,NA,NA,NA,NA,NA,NA,NA,NA,NA,NA,NA,NA,NA,NA,NA,NA,NA,NA,NA,NA,NA,NA,NA,NA,NA,NA,NA,NA,NA,NA,G7,915
SPY182326,-1893814.8004318958,647704.9429821153,2018,2,NA,NA,NA,NA,NA,NA,NA,NA,NA,NA,NA,NA,NA,NA,NA,NA,NA,NA,NA,NA,NA,NA,NA,NA,NA,NA,NA,NA,NA,NA,NA,NA,NA,NA,NA,NA,NA,NA,NA,NA,NA,NA,NA,NA,NA,NA,NA,NA,NA,NA,NA,NA,NA,NA,NA,NA,NA,NA,NA,NA,NA,C6,1616
SPY182123,-1884142.3915841933,638303.4464264871,2018,NA,NA,NA,NA,NA,NA,NA,NA,NA,NA,NA,NA,NA,NA,NA,NA,NA,NA,NA,NA,NA,1,NA,NA,NA,NA,NA,NA,NA,1,NA,NA,NA,NA,NA,NA,NA,NA,NA,NA,NA,NA,NA,NA,NA,NA,NA,NA,NA,NA,NA,NA,NA,NA,NA,NA,NA,NA,NA,NA,NA,NA,G7,704
SPY182312,-1884751.1723081511,631085.9377729186,2018,NA,NA,NA,NA,NA,NA,NA,NA,NA,NA,NA,NA,NA,NA,NA,NA,NA,NA,NA,NA,NA,NA,NA,NA,NA,NA,NA,NA,NA,NA,NA,1,NA,NA,NA,NA,NA,NA,NA,NA,NA,NA,NA,NA,NA,NA,NA,NA,NA,NA,NA,NA,NA,NA,NA,NA,NA,NA,NA,NA,NA,NA,H10,1476
SPY182309,-1876447.111688003,637968.8477827876,2018,NA,NA,NA,NA,NA,NA,NA,NA,NA,NA,NA,NA,NA,NA,NA,NA,NA,NA,NA,NA,NA,NA,NA,NA,NA,NA,NA,NA,NA,NA,NA,NA,NA,NA,NA,NA,NA,1,NA,NA,NA,NA,NA,NA,NA,1,NA,NA,NA,NA,NA,NA,NA,NA,NA,NA,NA,NA,NA,NA,NA,NA,J7,1081
SPY182318,-1872194.512367005,642795.9828268241,2018,NA,NA,NA,NA,NA,NA,NA,NA,NA,NA,NA,NA,NA,NA,NA,NA,NA,NA,NA,NA,NA,NA,NA,NA,NA,NA,NA,NA,NA,NA,NA,NA,NA,NA,NA,NA,NA,NA,NA,NA,NA,NA,NA,NA,NA,NA,NA,NA,NA,1,NA,NA,NA,NA,NA,NA,NA,NA,NA,NA,NA,NA,K4,597
SPY182314,-1871715.3797168825,641682.9104419531,2018,NA,NA,NA,NA,NA,NA,NA,NA,NA,NA,NA,NA,NA,NA,NA,NA,NA,NA,NA,NA,NA,NA,NA,NA,NA,NA,NA,NA,NA,NA,NA,NA,NA,NA,NA,NA,NA,NA,NA,NA,NA,NA,NA,NA,NA,NA,NA,NA,NA,NA,2,NA,NA,NA,NA,NA,NA,NA,NA,NA,NA,NA,K4,741
SPY182310,-1881189.0857007348,633260.4573893596,2018,NA,NA,NA,NA,NA,NA,NA,NA,NA,NA,NA,NA,NA,NA,NA,NA,NA,NA,NA,NA,NA,NA,NA,NA,NA,NA,NA,NA,NA,NA,NA,NA,NA,NA,NA,NA,NA,NA,1,NA,NA,NA,NA,NA,NA,NA,NA,NA,NA,NA,NA,NA,NA,NA,NA,NA,NA,NA,NA,NA,NA,NA,I8,1107
SPY182304,-1881663.2653500105,647192.2753899834,2018,NA,NA,NA,NA,NA,NA,NA,NA,NA,NA,NA,NA,NA,NA,NA,NA,NA,NA,NA,2,NA,NA,NA,NA,NA,NA,NA,NA,NA,NA,NA,NA,NA,NA,NA,NA,NA,NA,NA,NA,NA,NA,NA,NA,NA,NA,NA,NA,NA,NA,NA,NA,NA,NA,NA,NA,NA,NA,NA,NA,NA,NA,G4,658
SPY182341,-1877494.4074851018,632265.3730589218,2018,NA,NA,NA,NA,NA,NA,NA,NA,NA,NA,NA,NA,NA,NA,NA,NA,NA,NA,NA,NA,NA,NA,NA,NA,NA,NA,NA,NA,NA,NA,NA,NA,NA,NA,NA,NA,NA,NA,NA,NA,NA,NA,NA,NA,NA,NA,1,NA,NA,NA,NA,NA,NA,NA,NA,NA,NA,NA,NA,NA,NA,NA,K8,270
SPY182349,-1877494.4074851018,632265.3730589218,2018,NA,NA,NA,NA,NA,NA,NA,NA,NA,NA,NA,NA,NA,NA,NA,NA,NA,NA,NA,NA,NA,NA,NA,NA,NA,NA,NA,NA,NA,NA,NA,NA,NA,NA,NA,NA,NA,NA,NA,NA,NA,NA,NA,NA,NA,NA,1,NA,NA,NA,NA,NA,NA,NA,NA,NA,NA,NA,NA,NA,NA,NA,K8,270
SPY182351,-1882661.3909303022,630278.3227711141,2018,NA,NA,NA,NA,NA,NA,NA,NA,NA,NA,NA,NA,NA,NA,NA,NA,NA,NA,NA,NA,NA,NA,NA,NA,NA,NA,NA,NA,NA,NA,NA,NA,NA,NA,NA,NA,NA,NA,NA,1,1,NA,NA,NA,NA,NA,NA,NA,NA,NA,NA,NA,NA,NA,NA,NA,NA,NA,NA,NA,NA,NA,I9,1666
SPY182329,-1872194.512367005,642795.9828268241,2018,NA,NA,NA,NA,NA,NA,NA,NA,NA,NA,NA,NA,NA,NA,NA,NA,NA,NA,NA,NA,NA,NA,NA,NA,NA,NA,NA,NA,NA,NA,NA,NA,NA,NA,NA,NA,NA,NA,NA,NA,NA,NA,NA,NA,NA,NA,NA,NA,NA,1,NA,NA,NA,NA,NA,NA,NA,NA,NA,NA,NA,NA,K4,597
SPY182330,-1888610.1948707053,641257.1296165002,2018,NA,NA,NA,NA,NA,NA,NA,NA,NA,NA,NA,2,NA,NA,NA,NA,NA,NA,NA,NA,NA,NA,NA,NA,NA,NA,NA,NA,NA,NA,NA,NA,NA,NA,NA,NA,NA,NA,NA,NA,NA,NA,NA,NA,NA,NA,NA,NA,NA,NA,NA,NA,NA,NA,NA,NA,NA,NA,NA,NA,NA,NA,E7,295
SPY182353,-1881453.8952357692,628738.0135403159,2018,NA,NA,NA,NA,NA,NA,NA,NA,NA,NA,NA,NA,NA,NA,NA,NA,NA,NA,NA,NA,NA,NA,NA,NA,NA,NA,NA,NA,NA,NA,NA,NA,NA,NA,NA,NA,NA,NA,NA,NA,NA,2,NA,NA,NA,NA,NA,NA,NA,NA,NA,NA,NA,NA,NA,NA,NA,NA,NA,NA,NA,NA,J10,335
SPY182335,-1887699.7219386192,643355.363802098,2018,NA,NA,NA,NA,NA,NA,NA,NA,NA,NA,NA,NA,NA,NA,NA,1,NA,NA,NA,NA,1,NA,NA,NA,NA,NA,NA,NA,NA,NA,NA,NA,NA,NA,NA,NA,NA,NA,NA,NA,NA,NA,NA,NA,NA,NA,NA,NA,NA,NA,NA,NA,NA,NA,NA,NA,NA,NA,NA,NA,NA,NA,E6,1532
SPY182332,-1888455.8273873653,636668.2202987336,2018,NA,NA,NA,NA,NA,NA,NA,NA,NA,NA,NA,NA,NA,NA,NA,NA,NA,NA,NA,NA,NA,1,NA,NA,NA,NA,NA,NA,NA,1,1,NA,NA,NA,NA,NA,NA,NA,NA,NA,NA,NA,NA,NA,NA,NA,NA,NA,NA,NA,NA,NA,NA,NA,NA,NA,NA,NA,NA,NA,NA,NA,F9,945
SPY182348,-1887809.9591278557,628346.7941849869,2018,NA,NA,NA,NA,NA,NA,NA,NA,NA,NA,NA,NA,NA,NA,NA,NA,NA,NA,NA,NA,NA,NA,NA,NA,2,NA,NA,NA,NA,NA,NA,NA,NA,NA,NA,NA,NA,NA,NA,NA,NA,NA,NA,NA,NA,NA,NA,NA,NA,NA,NA,NA,NA,NA,NA,NA,NA,NA,NA,NA,NA,NA,H11,669
SPY182135,-1885312.618268282,648590.7175102865,2018,NA,NA,NA,NA,NA,NA,NA,NA,2,NA,NA,NA,NA,NA,NA,NA,NA,NA,NA,NA,NA,NA,NA,NA,NA,NA,NA,NA,NA,NA,NA,NA,NA,NA,NA,NA,NA,NA,NA,NA,NA,NA,NA,NA,NA,NA,NA,NA,NA,NA,NA,NA,NA,NA,NA,NA,NA,NA,NA,NA,NA,NA,E4,289
SPY182328,-1874416.1785009927,648721.5045194301,2018,NA,NA,NA,NA,NA,NA,NA,NA,NA,NA,NA,NA,NA,NA,NA,NA,NA,NA,NA,NA,NA,NA,NA,NA,NA,NA,NA,NA,NA,NA,NA,NA,NA,NA,1,NA,NA,NA,NA,NA,NA,NA,NA,NA,NA,NA,NA,NA,NA,NA,NA,NA,NA,NA,NA,NA,NA,NA,NA,NA,NA,NA,I3,1338
SPY182350,-1887809.9591278557,628346.7941849869,2018,NA,NA,NA,NA,NA,NA,NA,NA,NA,NA,NA,NA,NA,NA,NA,NA,NA,NA,NA,NA,NA,NA,NA,NA,2,NA,NA,NA,NA,NA,NA,NA,NA,NA,NA,NA,NA,NA,NA,NA,NA,NA,NA,NA,NA,NA,NA,NA,NA,NA,NA,NA,NA,NA,NA,NA,NA,NA,NA,NA,NA,NA,H11,669
SPY182331,-1890228.1577858408,644692.8676272128,2018,NA,NA,NA,NA,NA,NA,2,NA,NA,NA,NA,NA,NA,NA,NA,NA,NA,NA,NA,NA,NA,NA,NA,NA,NA,NA,NA,NA,NA,NA,NA,NA,NA,NA,NA,NA,NA,NA,NA,NA,NA,NA,NA,NA,NA,NA,NA,NA,NA,NA,NA,NA,NA,NA,NA,NA,NA,NA,NA,NA,NA,NA,D7,190
SPY182340,-1893430.0531133132,639046.7882606551,2018,NA,NA,NA,NA,NA,NA,NA,2,NA,NA,NA,NA,NA,NA,NA,NA,NA,NA,NA,NA,NA,NA,NA,NA,NA,NA,NA,NA,NA,NA,NA,NA,NA,NA,NA,NA,NA,NA,NA,NA,NA,NA,NA,NA,NA,NA,NA,NA,NA,NA,NA,NA,NA,NA,NA,NA,NA,NA,NA,NA,NA,NA,D9,466
SPY182319,-1876746.529121195,644070.2189924339,2018,NA,NA,NA,NA,NA,NA,NA,NA,NA,NA,NA,NA,NA,NA,NA,NA,NA,NA,NA,NA,NA,NA,NA,NA,NA,NA,NA,NA,NA,NA,NA,NA,NA,NA,NA,NA,2,NA,NA,NA,NA,NA,NA,NA,NA,NA,NA,NA,NA,NA,NA,NA,NA,NA,NA,NA,NA,NA,NA,NA,NA,NA,I4,1539
SPY182352,-1882661.3909303022,630278.3227711141,2018,NA,NA,NA,NA,NA,NA,NA,NA,NA,NA,NA,NA,NA,NA,NA,NA,NA,NA,NA,NA,NA,NA,NA,NA,NA,NA,NA,NA,NA,NA,NA,NA,NA,NA,NA,NA,NA,NA,NA,1,1,NA,NA,NA,NA,NA,NA,NA,NA,NA,NA,NA,NA,NA,NA,NA,NA,NA,NA,NA,NA,NA,I9,1666
SPY182313,-1876170.274788579,651859.4089402469,2018,NA,NA,NA,NA,NA,NA,NA,NA,NA,NA,NA,NA,NA,NA,NA,NA,NA,NA,NA,NA,NA,NA,NA,NA,NA,2,2,NA,NA,NA,NA,NA,NA,NA,NA,NA,NA,NA,NA,NA,NA,NA,NA,NA,NA,NA,NA,NA,NA,NA,NA,NA,NA,NA,NA,NA,NA,NA,NA,NA,NA,NA,H3,1343
SPY182305,-1883303.7229015683,636970.7509509552,2018,NA,NA,NA,NA,NA,NA,NA,NA,NA,NA,NA,NA,NA,NA,NA,NA,NA,NA,NA,NA,NA,NA,NA,NA,NA,NA,NA,NA,NA,NA,1,NA,NA,NA,NA,NA,NA,NA,NA,NA,NA,NA,NA,NA,NA,NA,NA,NA,NA,NA,NA,NA,NA,NA,NA,NA,NA,NA,NA,NA,NA,NA,H8,168
SPY182327,-1891894.4805402337,646223.808613582,2018,NA,2,NA,NA,NA,NA,NA,NA,NA,NA,NA,NA,NA,NA,NA,NA,NA,NA,NA,NA,NA,NA,NA,NA,NA,NA,NA,NA,NA,NA,NA,NA,NA,NA,NA,NA,NA,NA,NA,NA,NA,NA,NA,NA,NA,NA,NA,NA,NA,NA,NA,NA,NA,NA,NA,NA,NA,NA,NA,NA,NA,NA,C6,929
SPY180858,-1879502.3163255868,626973.0146494143,2019,1,1,1,NA,NA,1,1,1,NA,NA,NA,1,1,NA,NA,1,1,1,NA,NA,1,1,1,1,1,NA,NA,NA,NA,1,1,1,1,NA,NA,NA,NA,NA,1,1,1,1,1,NA,NA,NA,NA,1,1,NA,NA,NA,NA,NA,NA,1,NA,NA,NA,NA,NA,NA,K10,702
SPY181775,-1879502.3163255868,626973.0146494143,2019,1,1,1,NA,NA,1,1,1,NA,NA,NA,1,1,NA,NA,1,1,1,NA,NA,1,1,1,1,1,NA,NA,NA,NA,1,1,1,1,NA,NA,NA,NA,NA,1,1,1,1,1,NA,NA,NA,NA,1,1,NA,NA,NA,NA,NA,NA,1,NA,NA,NA,NA,NA,NA,K10,702
SPY182103,-1872376.927307288,638287.277159479,2019,NA,NA,NA,1,1,NA,NA,NA,1,1,1,NA,NA,1,1,NA,NA,NA,1,1,NA,NA,NA,NA,NA,1,1,1,1,NA,NA,NA,NA,NA,1,1,1,NA,NA,NA,NA,NA,NA,1,1,NA,NA,NA,NA,1,1,1,NA,NA,NA,NA,NA,NA,NA,NA,NA,NA,L6,912
SPY182117,-1879502.3163255868,626973.0146494143,2019,1,1,1,NA,NA,1,1,1,NA,NA,NA,1,1,NA,NA,1,1,1,NA,NA,1,1,1,1,1,NA,NA,NA,NA,1,1,1,1,NA,NA,NA,NA,NA,1,1,1,1,1,NA,NA,NA,NA,1,1,NA,NA,NA,NA,NA,NA,1,NA,NA,NA,NA,NA,NA,K10,702
SPY182129,-1879502.3163255868,626973.0146494143,2019,1,1,1,NA,NA,1,1,1,NA,NA,NA,1,1,NA,NA,1,1,1,NA,NA,1,1,1,1,1,NA,NA,NA,NA,1,1,1,1,NA,NA,NA,NA,NA,1,1,1,1,1,NA,NA,NA,NA,1,1,NA,NA,NA,NA,NA,NA,1,NA,NA,NA,NA,NA,NA,K10,702
SPY182266,-1879502.3163255868,626973.0146494143,2019,1,1,1,NA,NA,1,1,1,NA,NA,NA,1,1,NA,NA,1,1,1,NA,NA,1,1,1,1,1,NA,NA,NA,NA,1,1,1,1,NA,NA,NA,NA,NA,1,1,1,1,1,NA,NA,NA,NA,1,1,NA,NA,NA,NA,NA,NA,1,NA,NA,NA,NA,NA,NA,K10,702
SPY182287,-1879502.3163255868,626973.0146494143,2019,1,1,1,NA,NA,1,1,1,NA,NA,NA,1,1,NA,NA,1,1,1,NA,NA,1,1,1,1,1,NA,NA,NA,NA,1,1,1,1,NA,NA,NA,NA,NA,1,1,1,1,1,NA,NA,NA,NA,1,1,NA,NA,NA,NA,NA,NA,1,NA,NA,NA,NA,NA,NA,K10,702
SPY182306,-1879502.3163255868,626973.0146494143,2019,1,1,1,NA,NA,1,1,1,NA,NA,NA,1,1,NA,NA,1,1,1,NA,NA,1,1,1,1,1,NA,NA,NA,NA,1,1,1,1,NA,NA,NA,NA,NA,1,1,1,1,1,NA,NA,NA,NA,1,1,NA,NA,NA,NA,NA,NA,1,NA,NA,NA,NA,NA,NA,K10,702
SPY192781,-1872376.927307288,638287.277159479,2019,NA,NA,NA,1,1,NA,NA,NA,1,1,1,NA,NA,1,1,NA,NA,NA,1,1,NA,NA,NA,NA,NA,1,1,1,1,NA,NA,NA,NA,NA,1,1,1,NA,NA,NA,NA,NA,NA,1,1,NA,NA,NA,NA,1,1,1,NA,NA,NA,NA,NA,NA,NA,NA,NA,NA,L6,912
SPY192782,-1879502.3163255868,626973.0146494143,2019,1,1,1,NA,NA,1,1,1,NA,NA,NA,1,1,NA,NA,1,1,1,NA,NA,1,1,1,1,1,NA,NA,NA,NA,1,1,1,1,NA,NA,NA,NA,NA,1,1,1,1,1,NA,NA,NA,NA,1,1,NA,NA,NA,NA,NA,NA,1,NA,NA,NA,NA,NA,NA,K10,702
SPY192783,-1879502.3163255868,626973.0146494143,2019,1,1,1,NA,NA,1,1,1,NA,NA,NA,1,1,NA,NA,1,1,1,NA,NA,1,1,1,1,1,NA,NA,NA,NA,1,1,1,1,NA,NA,NA,NA,NA,1,1,1,1,1,NA,NA,NA,NA,1,1,NA,NA,NA,NA,NA,NA,1,NA,NA,NA,NA,NA,NA,K10,702
SPY192784,-1879502.3163255868,626973.0146494143,2019,1,1,1,NA,NA,1,1,1,NA,NA,NA,1,1,NA,NA,1,1,1,NA,NA,1,1,1,1,1,NA,NA,NA,NA,1,1,1,1,NA,NA,NA,NA,NA,1,1,1,1,1,NA,NA,NA,NA,1,1,NA,NA,NA,NA,NA,NA,1,NA,NA,NA,NA,NA,NA,K10,702
SPY192786,-1872376.927307288,638287.277159479,2019,NA,NA,NA,1,1,NA,NA,NA,1,1,1,NA,NA,1,1,NA,NA,NA,1,1,NA,NA,NA,NA,NA,1,1,1,1,NA,NA,NA,NA,NA,1,1,1,NA,NA,NA,NA,NA,NA,1,1,NA,NA,NA,NA,1,1,1,NA,NA,NA,NA,NA,NA,NA,NA,NA,NA,L6,912
SPY192789,-1879502.3163255868,626973.0146494143,2019,1,1,1,NA,NA,1,1,1,NA,NA,NA,1,1,NA,NA,1,1,1,NA,NA,1,1,1,1,1,NA,NA,NA,NA,1,1,1,1,NA,NA,NA,NA,NA,1,1,1,1,1,NA,NA,NA,NA,1,1,NA,NA,NA,NA,NA,NA,1,NA,NA,NA,NA,NA,NA,K10,702
SPY192790,-1879502.3163255868,626973.0146494143,2019,1,1,1,NA,NA,1,1,1,NA,NA,NA,1,1,NA,NA,1,1,1,NA,NA,1,1,1,1,1,NA,NA,NA,NA,1,1,1,1,NA,NA,NA,NA,NA,1,1,1,1,1,NA,NA,NA,NA,1,1,NA,NA,NA,NA,NA,NA,1,NA,NA,NA,NA,NA,NA,K10,702
SPY192794,-1879502.3163255868,626973.0146494143,2019,1,1,1,NA,NA,1,1,1,NA,NA,NA,1,1,NA,NA,1,1,1,NA,NA,1,1,1,1,1,NA,NA,NA,NA,1,1,1,1,NA,NA,NA,NA,NA,1,1,1,1,1,NA,NA,NA,NA,1,1,NA,NA,NA,NA,NA,NA,1,NA,NA,NA,NA,NA,NA,K10,702
SPY192798,-1872376.927307288,638287.277159479,2019,NA,NA,NA,1,1,NA,NA,NA,1,1,1,NA,NA,1,1,NA,NA,NA,1,1,NA,NA,NA,NA,NA,1,1,1,1,NA,NA,NA,NA,NA,1,1,1,NA,NA,NA,NA,NA,NA,1,1,NA,NA,NA,NA,1,1,1,NA,NA,NA,NA,NA,NA,NA,NA,NA,NA,L6,912
SPY180856,-1872376.927307288,638287.277159479,2019,NA,NA,NA,1,1,NA,NA,NA,1,1,1,NA,NA,1,1,NA,NA,NA,1,1,NA,NA,NA,NA,NA,1,1,1,1,NA,NA,NA,NA,NA,1,1,1,NA,NA,NA,NA,NA,NA,1,1,NA,NA,NA,NA,1,1,1,NA,NA,NA,NA,NA,NA,NA,NA,NA,NA,L6,912
SPY182104,-1872376.927307288,638287.277159479,2019,NA,NA,NA,1,1,NA,NA,NA,1,1,1,NA,NA,1,1,NA,NA,NA,1,1,NA,NA,NA,NA,NA,1,1,1,1,NA,NA,NA,NA,NA,1,1,1,NA,NA,NA,NA,NA,NA,1,1,NA,NA,NA,NA,1,1,1,NA,NA,NA,NA,NA,NA,NA,NA,NA,NA,L6,912
SPY182105,-1872376.927307288,638287.277159479,2019,NA,NA,NA,1,1,NA,NA,NA,1,1,1,NA,NA,1,1,NA,NA,NA,1,1,NA,NA,NA,NA,NA,1,1,1,1,NA,NA,NA,NA,NA,1,1,1,NA,NA,NA,NA,NA,NA,1,1,NA,NA,NA,NA,1,1,1,NA,NA,NA,NA,NA,NA,NA,NA,NA,NA,L6,912
SPY182106,-1872376.927307288,638287.277159479,2019,NA,NA,NA,1,1,NA,NA,NA,1,1,1,NA,NA,1,1,NA,NA,NA,1,1,NA,NA,NA,NA,NA,1,1,1,1,NA,NA,NA,NA,NA,1,1,1,NA,NA,NA,NA,NA,NA,1,1,NA,NA,NA,NA,1,1,1,NA,NA,NA,NA,NA,NA,NA,NA,NA,NA,L6,912
SPY182111,-1872376.927307288,638287.277159479,2019,NA,NA,NA,1,1,NA,NA,NA,1,1,1,NA,NA,1,1,NA,NA,NA,1,1,NA,NA,NA,NA,NA,1,1,1,1,NA,NA,NA,NA,NA,1,1,1,NA,NA,NA,NA,NA,NA,1,1,NA,NA,NA,NA,1,1,1,NA,NA,NA,NA,NA,NA,NA,NA,NA,NA,L6,912
SPY182113,-1872376.927307288,638287.277159479,2019,NA,NA,NA,1,1,NA,NA,NA,1,1,1,NA,NA,1,1,NA,NA,NA,1,1,NA,NA,NA,NA,NA,1,1,1,1,NA,NA,NA,NA,NA,1,1,1,NA,NA,NA,NA,NA,NA,1,1,NA,NA,NA,NA,1,1,1,NA,NA,NA,NA,NA,NA,NA,NA,NA,NA,L6,912
SPY182115,-1879502.3163255868,626973.0146494143,2019,1,1,1,NA,NA,1,1,1,NA,NA,NA,1,1,NA,NA,1,1,1,NA,NA,1,1,1,1,1,NA,NA,NA,NA,1,1,1,1,NA,NA,NA,NA,NA,1,1,1,1,1,NA,NA,NA,NA,1,1,NA,NA,NA,NA,NA,NA,1,NA,NA,NA,NA,NA,NA,K10,702
SPY182126,-1879502.3163255868,626973.0146494143,2019,1,1,1,NA,NA,1,1,1,NA,NA,NA,1,1,NA,NA,1,1,1,NA,NA,1,1,1,1,1,NA,NA,NA,NA,1,1,1,1,NA,NA,NA,NA,NA,1,1,1,1,1,NA,NA,NA,NA,1,1,NA,NA,NA,NA,NA,NA,1,NA,NA,NA,NA,NA,NA,K10,702
SPY182134,-1872376.927307288,638287.277159479,2019,NA,NA,NA,1,1,NA,NA,NA,1,1,1,NA,NA,1,1,NA,NA,NA,1,1,NA,NA,NA,NA,NA,1,1,1,1,NA,NA,NA,NA,NA,1,1,1,NA,NA,NA,NA,NA,NA,1,1,NA,NA,NA,NA,1,1,1,NA,NA,NA,NA,NA,NA,NA,NA,NA,NA,L6,912
SPY182138,-1872376.927307288,638287.277159479,2019,NA,NA,NA,1,1,NA,NA,NA,1,1,1,NA,NA,1,1,NA,NA,NA,1,1,NA,NA,NA,NA,NA,1,1,1,1,NA,NA,NA,NA,NA,1,1,1,NA,NA,NA,NA,NA,NA,1,1,NA,NA,NA,NA,1,1,1,NA,NA,NA,NA,NA,NA,NA,NA,NA,NA,L6,912
SPY182267,-1872376.927307288,638287.277159479,2019,NA,NA,NA,1,1,NA,NA,NA,1,1,1,NA,NA,1,1,NA,NA,NA,1,1,NA,NA,NA,NA,NA,1,1,1,1,NA,NA,NA,NA,NA,1,1,1,NA,NA,NA,NA,NA,NA,1,1,NA,NA,NA,NA,1,1,1,NA,NA,NA,NA,NA,NA,NA,NA,NA,NA,L6,912
SPY182272,-1872376.927307288,638287.277159479,2019,NA,NA,NA,1,1,NA,NA,NA,1,1,1,NA,NA,1,1,NA,NA,NA,1,1,NA,NA,NA,NA,NA,1,1,1,1,NA,NA,NA,NA,NA,1,1,1,NA,NA,NA,NA,NA,NA,1,1,NA,NA,NA,NA,1,1,1,NA,NA,NA,NA,NA,NA,NA,NA,NA,NA,L6,912
SPY192779,-1872376.927307288,638287.277159479,2019,NA,NA,NA,1,1,NA,NA,NA,1,1,1,NA,NA,1,1,NA,NA,NA,1,1,NA,NA,NA,NA,NA,1,1,1,1,NA,NA,NA,NA,NA,1,1,1,NA,NA,NA,NA,NA,NA,1,1,NA,NA,NA,NA,1,1,1,NA,NA,NA,NA,NA,NA,NA,NA,NA,NA,L6,912
SPY192791,-1872376.927307288,638287.277159479,2019,NA,NA,NA,1,1,NA,NA,NA,1,1,1,NA,NA,1,1,NA,NA,NA,1,1,NA,NA,NA,NA,NA,1,1,1,1,NA,NA,NA,NA,NA,1,1,1,NA,NA,NA,NA,NA,NA,1,1,NA,NA,NA,NA,1,1,1,NA,NA,NA,NA,NA,NA,NA,NA,NA,NA,L6,912
SPY192792,-1872376.927307288,638287.277159479,2019,NA,NA,NA,1,1,NA,NA,NA,1,1,1,NA,NA,1,1,NA,NA,NA,1,1,NA,NA,NA,NA,NA,1,1,1,1,NA,NA,NA,NA,NA,1,1,1,NA,NA,NA,NA,NA,NA,1,1,NA,NA,NA,NA,1,1,1,NA,NA,NA,NA,NA,NA,NA,NA,NA,NA,L6,912
SPY182114,-1879502.3163255868,626973.0146494143,2019,1,1,1,NA,NA,1,1,1,NA,NA,NA,1,1,NA,NA,1,1,1,NA,NA,1,1,1,1,1,NA,NA,NA,NA,1,1,1,1,NA,NA,NA,NA,NA,1,1,1,1,1,NA,NA,NA,NA,1,1,NA,NA,NA,NA,NA,NA,1,NA,NA,NA,NA,NA,NA,K10,702
SPY182124,-1872376.927307288,638287.277159479,2019,NA,NA,NA,1,1,NA,NA,NA,1,1,1,NA,NA,1,1,NA,NA,NA,1,1,NA,NA,NA,NA,NA,1,1,1,1,NA,NA,NA,NA,NA,1,1,1,NA,NA,NA,NA,NA,NA,1,1,NA,NA,NA,NA,1,1,1,NA,NA,NA,NA,NA,NA,NA,NA,NA,NA,L6,912
SPY192797,-1879502.3163255868,626973.0146494143,2019,1,1,1,NA,NA,1,1,1,NA,NA,NA,1,1,NA,NA,1,1,1,NA,NA,1,1,1,1,1,NA,NA,NA,NA,1,1,1,1,NA,NA,NA,NA,NA,1,1,1,1,1,NA,NA,NA,NA,1,1,NA,NA,NA,NA,NA,NA,1,NA,NA,NA,NA,NA,NA,K10,702
SPY192800,-1879502.3163255868,626973.0146494143,2019,1,1,1,NA,NA,1,1,1,NA,NA,NA,1,1,NA,NA,1,1,1,NA,NA,1,1,1,1,1,NA,NA,NA,NA,1,1,1,1,NA,NA,NA,NA,NA,1,1,1,1,1,NA,NA,NA,NA,1,1,NA,NA,NA,NA,NA,NA,1,NA,NA,NA,NA,NA,NA,K10,702
